City,Date,Country,Province,Cases
,2020-07-19,US,Virgin Islands,3830010
Abbeville,2020-07-19,US,South Carolina,242
Acadia,2020-07-19,US,Louisiana,1844
Accomack,2020-07-19,US,Virginia,1053
Ada,2020-07-19,US,Idaho,5979
Adair,2020-07-19,US,Oklahoma,172
Adams,2020-07-19,US,Wisconsin,5133
Addison,2020-07-19,US,Vermont,71
Adjuntas,2020-07-19,US,Puerto Rico,72
Aguada,2020-07-19,US,Puerto Rico,71
Aguadilla,2020-07-19,US,Puerto Rico,112
Aguas Buenas,2020-07-19,US,Puerto Rico,81
Aibonito,2020-07-19,US,Puerto Rico,60
Aiken,2020-07-19,US,South Carolina,1049
Aitkin,2020-07-19,US,Minnesota,19
Alachua,2020-07-19,US,Florida,2683
Alamance,2020-07-19,US,North Carolina,1718
Alameda,2020-07-19,US,California,9256
Alamosa,2020-07-19,US,Colorado,207
Albany,2020-07-19,US,Wyoming,2322
Albemarle,2020-07-19,US,Virginia,628
Alcona,2020-07-19,US,Michigan,26
Alcorn,2020-07-19,US,Mississippi,161
Aleutians West,2020-07-19,US,Alaska,1
Alexander,2020-07-19,US,North Carolina,216
Alexandria,2020-07-19,US,Virginia,2559
Alfalfa,2020-07-19,US,Oklahoma,1
Alger,2020-07-19,US,Michigan,14
Allamakee,2020-07-19,US,Iowa,141
Allegan,2020-07-19,US,Michigan,435
Allegany,2020-07-19,US,New York,239
Alleghany,2020-07-19,US,Virginia,55
Allegheny,2020-07-19,US,Pennsylvania,6435
Allen,2020-07-19,US,Ohio,3168
Allendale,2020-07-19,US,South Carolina,125
Alpena,2020-07-19,US,Michigan,125
Alpine,2020-07-19,US,California,2
Amador,2020-07-19,US,California,57
Amelia,2020-07-19,US,Virginia,60
Amherst,2020-07-19,US,Virginia,60
Amite,2020-07-19,US,Mississippi,143
Anasco,2020-07-19,US,Puerto Rico,89
Anchorage,2020-07-19,US,Alaska,962
Anderson,2020-07-19,US,Texas,2017
Andrew,2020-07-19,US,Missouri,66
Andrews,2020-07-19,US,Texas,189
Androscoggin,2020-07-19,US,Maine,512
Angelina,2020-07-19,US,Texas,1000
Anne Arundel,2020-07-19,US,Maryland,6003
Anoka,2020-07-19,US,Minnesota,2678
Anson,2020-07-19,US,North Carolina,267
Antelope,2020-07-19,US,Nebraska,16
Antrim,2020-07-19,US,Michigan,29
Apache,2020-07-19,US,Arizona,2741
Appanoose,2020-07-19,US,Iowa,34
Appling,2020-07-19,US,Georgia,437
Appomattox,2020-07-19,US,Virginia,54
Aransas,2020-07-19,US,Texas,92
Arapahoe,2020-07-19,US,Colorado,6075
Archer,2020-07-19,US,Texas,12
Archuleta,2020-07-19,US,Colorado,19
Arecibo,2020-07-19,US,Puerto Rico,186
Arenac,2020-07-19,US,Michigan,39
Arkansas,2020-07-19,US,Arkansas,134
Arlington,2020-07-19,US,Virginia,2737
Armstrong,2020-07-19,US,Texas,119
Aroostook,2020-07-19,US,Maine,28
Arroyo,2020-07-19,US,Puerto Rico,65
Ascension,2020-07-19,US,Louisiana,1976
Ashe,2020-07-19,US,North Carolina,76
Ashland,2020-07-19,US,Wisconsin,102
Ashley,2020-07-19,US,Arkansas,137
Ashtabula,2020-07-19,US,Ohio,478
Asotin,2020-07-19,US,Washington,21
Assumption,2020-07-19,US,Louisiana,452
Atascosa,2020-07-19,US,Texas,355
Atchison,2020-07-19,US,Missouri,49
Athens,2020-07-19,US,Ohio,274
Atkinson,2020-07-19,US,Georgia,228
Atlantic,2020-07-19,US,New Jersey,3126
Atoka,2020-07-19,US,Oklahoma,47
Attala,2020-07-19,US,Mississippi,406
Audrain,2020-07-19,US,Missouri,158
Audubon,2020-07-19,US,Iowa,21
Auglaize,2020-07-19,US,Ohio,135
Augusta,2020-07-19,US,Virginia,229
Aurora,2020-07-19,US,South Dakota,35
Austin,2020-07-19,US,Texas,160
Autauga,2020-07-19,US,Alabama,838
Avery,2020-07-19,US,North Carolina,56
Avoyelles,2020-07-19,US,Louisiana,655
Baca,2020-07-19,US,Colorado,14
Bacon,2020-07-19,US,Georgia,345
Bailey,2020-07-19,US,Texas,125
Baker,2020-07-19,US,Oregon,238
Baldwin,2020-07-19,US,Georgia,1990
Ballard,2020-07-19,US,Kentucky,25
Baltimore,2020-07-19,US,Maryland,9828
Baltimore City,2020-07-19,US,Maryland,9505
Bamberg,2020-07-19,US,South Carolina,311
Bandera,2020-07-19,US,Texas,48
Banks,2020-07-19,US,Georgia,188
Banner,2020-07-19,US,Nebraska,2
Bannock,2020-07-19,US,Idaho,199
Baraga,2020-07-19,US,Michigan,6
Barber,2020-07-19,US,Kansas,3
Barbour,2020-07-19,US,West Virginia,479
Barceloneta,2020-07-19,US,Puerto Rico,38
Barnes,2020-07-19,US,North Dakota,26
Barnstable,2020-07-19,US,Massachusetts,1635
Barnwell,2020-07-19,US,South Carolina,214
Barranquitas,2020-07-19,US,Puerto Rico,131
Barren,2020-07-19,US,Kentucky,172
Barron,2020-07-19,US,Wisconsin,74
Barrow,2020-07-19,US,Georgia,771
Barry,2020-07-19,US,Missouri,160
Bartholomew,2020-07-19,US,Indiana,638
Barton,2020-07-19,US,Missouri,75
Bartow,2020-07-19,US,Georgia,1142
Bastrop,2020-07-19,US,Texas,1034
Bates,2020-07-19,US,Missouri,19
Bath,2020-07-19,US,Virginia,23
Baxter,2020-07-19,US,Arkansas,44
Bay,2020-07-19,US,Michigan,2105
Bayamon,2020-07-19,US,Puerto Rico,758
Bayfield,2020-07-19,US,Wisconsin,13
Baylor,2020-07-19,US,Texas,3
Beadle,2020-07-19,US,South Dakota,571
Bear Lake,2020-07-19,US,Idaho,3
Beaufort,2020-07-19,US,South Carolina,2521
Beauregard,2020-07-19,US,Louisiana,493
Beaver,2020-07-19,US,Utah,968
Beaverhead,2020-07-19,US,Montana,9
Becker,2020-07-19,US,Minnesota,80
Beckham,2020-07-19,US,Oklahoma,27
Bedford,2020-07-19,US,Virginia,688
Bee,2020-07-19,US,Texas,232
Belknap,2020-07-19,US,New Hampshire,96
Bell,2020-07-19,US,Texas,2640
Belmont,2020-07-19,US,Ohio,575
Beltrami,2020-07-19,US,Minnesota,101
Ben Hill,2020-07-19,US,Georgia,266
Benewah,2020-07-19,US,Idaho,36
Bennett,2020-07-19,US,South Dakota,5
Bennington,2020-07-19,US,Vermont,79
Benson,2020-07-19,US,North Dakota,23
Bent,2020-07-19,US,Colorado,5
Benton,2020-07-19,US,Washington,3887
Benzie,2020-07-19,US,Michigan,22
Bergen,2020-07-19,US,New Jersey,20034
Berkeley,2020-07-19,US,West Virginia,2989
Berks,2020-07-19,US,Pennsylvania,4845
Berkshire,2020-07-19,US,Massachusetts,624
Bernalillo,2020-07-19,US,New Mexico,3861
Berrien,2020-07-19,US,Michigan,1130
Bertie,2020-07-19,US,North Carolina,178
Bethel,2020-07-19,US,Alaska,16
Bexar,2020-07-19,US,Texas,31316
Bibb,2020-07-19,US,Georgia,2248
Bienville,2020-07-19,US,Louisiana,317
Big Horn,2020-07-19,US,Wyoming,146
Big Stone,2020-07-19,US,Minnesota,19
Billings,2020-07-19,US,North Dakota,1
Bingham,2020-07-19,US,Idaho,113
Black Hawk,2020-07-19,US,Iowa,2707
Blackford,2020-07-19,US,Indiana,45
Bladen,2020-07-19,US,North Carolina,487
Blaine,2020-07-19,US,Oklahoma,558
Blair,2020-07-19,US,Pennsylvania,142
Blanco,2020-07-19,US,Texas,76
Bland,2020-07-19,US,Virginia,5
Bleckley,2020-07-19,US,Georgia,103
Bledsoe,2020-07-19,US,Tennessee,642
Blount,2020-07-19,US,Tennessee,538
Blue Earth,2020-07-19,US,Minnesota,679
Boise,2020-07-19,US,Idaho,20
Bolivar,2020-07-19,US,Mississippi,570
Bollinger,2020-07-19,US,Missouri,43
Bon Homme,2020-07-19,US,South Dakota,14
Bond,2020-07-19,US,Illinois,26
Bonner,2020-07-19,US,Idaho,99
Bonneville,2020-07-19,US,Idaho,358
Boone,2020-07-19,US,West Virginia,839
Bosque,2020-07-19,US,Texas,75
Bossier,2020-07-19,US,Louisiana,1602
Botetourt,2020-07-19,US,Virginia,166
Bottineau,2020-07-19,US,North Dakota,7
Boulder,2020-07-19,US,Colorado,1650
Boundary,2020-07-19,US,Idaho,13
Bourbon,2020-07-19,US,Kentucky,59
Bowie,2020-07-19,US,Texas,626
Bowman,2020-07-19,US,North Dakota,1
Box Butte,2020-07-19,US,Nebraska,7
Box Elder,2020-07-19,US,Utah,1945
Boyd,2020-07-19,US,Nebraska,122
Boyle,2020-07-19,US,Kentucky,60
Bracken,2020-07-19,US,Kentucky,24
Bradford,2020-07-19,US,Pennsylvania,195
Bradley,2020-07-19,US,Tennessee,1239
Branch,2020-07-19,US,Michigan,295
Brantley,2020-07-19,US,Georgia,174
Braxton,2020-07-19,US,West Virginia,7
Brazoria,2020-07-19,US,Texas,4767
Brazos,2020-07-19,US,Texas,3397
Breathitt,2020-07-19,US,Kentucky,16
Breckinridge,2020-07-19,US,Kentucky,38
Bremer,2020-07-19,US,Iowa,139
Brevard,2020-07-19,US,Florida,4303
Brewster,2020-07-19,US,Texas,161
Briscoe,2020-07-19,US,Texas,9
Bristol,2020-07-19,US,Virginia,8719
Bristol Bay,2020-07-19,US,Alaska,6
Broadwater,2020-07-19,US,Montana,9
Brooke,2020-07-19,US,West Virginia,40
Brookings,2020-07-19,US,South Dakota,104
Brooks,2020-07-19,US,Texas,282
Broome,2020-07-19,US,New York,902
Broomfield,2020-07-19,US,Colorado,362
Broward,2020-07-19,US,Florida,40976
Brown,2020-07-19,US,Wisconsin,3510
Brule,2020-07-19,US,South Dakota,37
Brunswick,2020-07-19,US,Virginia,947
Bryan,2020-07-19,US,Oklahoma,372
Buchanan,2020-07-19,US,Virginia,975
Buckingham,2020-07-19,US,Virginia,584
Bucks,2020-07-19,US,Pennsylvania,6387
Buena Vista,2020-07-19,US,Virginia,1757
Buffalo,2020-07-19,US,Wisconsin,237
Bullitt,2020-07-19,US,Kentucky,198
Bulloch,2020-07-19,US,Georgia,803
Bullock,2020-07-19,US,Alabama,395
Buncombe,2020-07-19,US,North Carolina,1174
Bureau,2020-07-19,US,Illinois,53
Burke,2020-07-19,US,North Dakota,1325
Burleigh,2020-07-19,US,North Dakota,580
Burleson,2020-07-19,US,Texas,196
Burlington,2020-07-19,US,New Jersey,5450
Burnet,2020-07-19,US,Texas,331
Burnett,2020-07-19,US,Wisconsin,6
Burt,2020-07-19,US,Nebraska,17
Butler,2020-07-19,US,Pennsylvania,2143
Butte,2020-07-19,US,South Dakota,640
Butts,2020-07-19,US,Georgia,375
Cabarrus,2020-07-19,US,North Carolina,1970
Cabell,2020-07-19,US,West Virginia,233
Cabo Rojo,2020-07-19,US,Puerto Rico,135
Cache,2020-04-16,US,Utah,37
Caddo,2020-07-19,US,Oklahoma,5041
Caguas,2020-07-19,US,Puerto Rico,415
Calaveras,2020-07-19,US,California,87
Calcasieu,2020-07-19,US,Louisiana,4481
Caldwell,2020-07-19,US,Texas,841
Caledonia,2020-07-19,US,Vermont,25
Calhoun,2020-07-19,US,West Virginia,814
Callahan,2020-07-19,US,Texas,32
Callaway,2020-07-19,US,Missouri,81
Calloway,2020-07-19,US,Kentucky,133
Calumet,2020-07-19,US,Wisconsin,188
Calvert,2020-07-19,US,Maryland,494
Camas,2020-07-19,US,Idaho,1
Cambria,2020-07-19,US,Pennsylvania,172
Camden,2020-07-19,US,North Carolina,7845
Cameron,2020-07-19,US,Texas,5891
Camp,2020-07-19,US,Texas,167
Campbell,2020-07-19,US,Wyoming,396
Camuy,2020-07-19,US,Puerto Rico,69
Canadian,2020-07-19,US,Oklahoma,674
Candler,2020-07-19,US,Georgia,139
Cannon,2020-07-19,US,Tennessee,71
Canovanas,2020-07-19,US,Puerto Rico,219
Canyon,2020-07-19,US,Idaho,3317
Cape Girardeau,2020-07-19,US,Missouri,445
Cape May,2020-07-19,US,New Jersey,757
Carbon,2020-07-19,US,Wyoming,324
Caribou,2020-07-19,US,Idaho,21
Carlisle,2020-07-19,US,Kentucky,14
Carlton,2020-07-19,US,Minnesota,103
Carolina,2020-07-19,US,Puerto Rico,614
Caroline,2020-07-19,US,Virginia,365
Carroll,2020-07-19,US,Virginia,1373
Carson,2020-07-19,US,Texas,10
Carson City,2020-07-19,US,Nevada,252
Carter,2020-07-19,US,Tennessee,216
Carteret,2020-07-19,US,North Carolina,178
Carver,2020-07-19,US,Minnesota,568
Cascade,2020-07-19,US,Montana,80
Casey,2020-07-19,US,Kentucky,103
Cass,2020-07-19,US,Texas,2663
Cassia,2020-07-19,US,Idaho,382
Castro,2020-07-19,US,Texas,145
Caswell,2020-07-19,US,North Carolina,168
Catahoula,2020-07-19,US,Louisiana,235
Catano,2020-07-19,US,Puerto Rico,96
Catawba,2020-07-19,US,North Carolina,1530
Catoosa,2020-07-19,US,Georgia,395
Catron,2020-07-19,US,New Mexico,4
Cattaraugus,2020-07-19,US,New York,145
Cavalier,2020-07-19,US,North Dakota,25
Cayey,2020-07-19,US,Puerto Rico,136
Cayuga,2020-07-19,US,New York,131
Cecil,2020-07-19,US,Maryland,559
Cedar,2020-07-19,US,Nebraska,103
Ceiba,2020-07-19,US,Puerto Rico,40
Centre,2020-07-19,US,Pennsylvania,288
Cerro Gordo,2020-07-19,US,Iowa,450
Chaffee,2020-07-19,US,Colorado,215
Chambers,2020-07-19,US,Texas,739
Champaign,2020-07-19,US,Ohio,1249
Chariton,2020-07-19,US,Missouri,13
Charles,2020-07-19,US,Maryland,1619
Charles City,2020-07-19,US,Virginia,43
Charles Mix,2020-07-19,US,South Dakota,98
Charleston,2020-07-19,US,South Carolina,9623
Charlevoix,2020-07-19,US,Michigan,42
Charlotte,2020-07-19,US,Virginia,1470
Charlottesville,2020-07-19,US,Virginia,361
Charlton,2020-07-19,US,Georgia,194
Chase,2020-07-19,US,Nebraska,6
Chatham,2020-07-19,US,North Carolina,3483
Chattahoochee,2020-07-19,US,Georgia,502
Chattooga,2020-07-19,US,Georgia,93
Chautauqua,2020-07-19,US,New York,194
Chaves,2020-07-19,US,New Mexico,212
Cheatham,2020-07-19,US,Tennessee,371
Cheboygan,2020-07-19,US,Michigan,30
Chelan,2020-07-19,US,Washington,766
Chemung,2020-07-19,US,New York,155
Chenango,2020-07-19,US,New York,184
Cherokee,2020-07-19,US,Texas,2125
Cherry,2020-07-19,US,Nebraska,3
Chesapeake,2020-07-19,US,Virginia,1758
Cheshire,2020-07-19,US,New Hampshire,80
Chester,2020-07-19,US,Tennessee,4326
Chesterfield,2020-07-19,US,Virginia,3472
Cheyenne,2020-07-19,US,Nebraska,22
Chickasaw,2020-07-19,US,Mississippi,342
Chicot,2020-07-19,US,Arkansas,260
Childress,2020-07-19,US,Texas,9
Chilton,2020-07-19,US,Alabama,477
Chippewa,2020-07-19,US,Wisconsin,161
Chisago,2020-07-19,US,Minnesota,126
Chittenden,2020-07-19,US,Vermont,688
Choctaw,2020-07-19,US,Oklahoma,238
Chowan,2020-07-19,US,North Carolina,61
Christian,2020-07-19,US,Missouri,366
Churchill,2020-07-19,US,Nevada,34
Ciales,2020-07-19,US,Puerto Rico,81
Cibola,2020-07-19,US,New Mexico,267
Cidra,2020-07-19,US,Puerto Rico,100
Cimarron,2020-07-19,US,Oklahoma,1
Citrus,2020-07-19,US,Florida,855
Clackamas,2020-07-19,US,Oregon,1141
Claiborne,2020-07-19,US,Tennessee,344
Clallam,2020-07-19,US,Washington,69
Clare,2020-07-19,US,Michigan,39
Clarendon,2020-07-19,US,South Carolina,579
Clarion,2020-07-19,US,Pennsylvania,68
Clark,2020-07-19,US,Wisconsin,31312
Clarke,2020-07-19,US,Virginia,1255
Clatsop,2020-07-19,US,Oregon,64
Clay,2020-07-19,US,West Virginia,2137
Clayton,2020-07-19,US,Iowa,3455
Clear Creek,2020-07-19,US,Colorado,24
Clearfield,2020-07-19,US,Pennsylvania,99
Clearwater,2020-07-19,US,Minnesota,15
Cleburne,2020-07-19,US,Arkansas,156
Clermont,2020-07-19,US,Ohio,630
Cleveland,2020-07-19,US,Oklahoma,1693
Clinch,2020-07-19,US,Georgia,132
Clinton,2020-07-19,US,Pennsylvania,331
Cloud,2020-07-19,US,Kansas,26
Coahoma,2020-07-19,US,Mississippi,422
Coal,2020-07-19,US,Oklahoma,18
Coamo,2020-07-19,US,Puerto Rico,67
Cobb,2020-07-19,US,Georgia,8510
Cochise,2020-07-19,US,Arizona,1260
Cochran,2020-07-19,US,Texas,9
Cocke,2020-07-19,US,Tennessee,217
Coconino,2020-07-19,US,Arizona,2675
Codington,2020-07-19,US,South Dakota,103
Coffee,2020-07-19,US,Tennessee,1055
Coffey,2020-07-19,US,Kansas,60
Coke,2020-07-19,US,Texas,9
Colbert,2020-07-19,US,Alabama,757
Cole,2020-07-19,US,Missouri,161
Coleman,2020-07-19,US,Texas,7
Coles,2020-07-19,US,Illinois,249
Colfax,2020-07-19,US,New Mexico,685
Colleton,2020-07-19,US,South Carolina,573
Collier,2020-07-19,US,Florida,7934
Collin,2020-07-19,US,Texas,5374
Collingsworth,2020-07-19,US,Texas,6
Colonial Heights,2020-07-19,US,Virginia,164
Colorado,2020-07-19,US,Texas,197
Colquitt,2020-07-19,US,Georgia,1360
Columbia,2020-07-19,US,Wisconsin,1372
Columbiana,2020-07-19,US,Ohio,1467
Columbus,2020-07-19,US,North Carolina,713
Colusa,2020-07-19,US,California,223
Comal,2020-07-19,US,Texas,1300
Comanche,2020-07-19,US,Texas,594
Comerio,2020-07-19,US,Puerto Rico,84
Concho,2020-07-19,US,Texas,17
Concordia,2020-07-19,US,Louisiana,192
Conecuh,2020-07-19,US,Alabama,290
Conejos,2020-07-19,US,Colorado,21
Contra Costa,2020-07-19,US,California,5731
Converse,2020-07-19,US,Wyoming,29
Conway,2020-07-19,US,Arkansas,114
Cook,2020-07-19,US,Minnesota,99052
Cooke,2020-07-19,US,Texas,120
Cooper,2020-07-19,US,Missouri,35
Coos,2020-07-19,US,Oregon,69
Coosa,2020-07-19,US,Alabama,73
Copiah,2020-07-19,US,Mississippi,755
Corozal,2020-07-19,US,Puerto Rico,84
Corson,2020-07-19,US,South Dakota,22
Cortland,2020-07-19,US,New York,69
Coryell,2020-07-19,US,Texas,436
Coshocton,2020-07-19,US,Ohio,165
Costilla,2020-07-19,US,Colorado,22
Cottle,2020-07-19,US,Texas,6
Cotton,2020-07-19,US,Oklahoma,13
Cottonwood,2020-07-19,US,Minnesota,148
Covington,2020-07-19,US,Virginia,553
Coweta,2020-07-19,US,Georgia,1019
Cowley,2020-07-19,US,Kansas,118
Cowlitz,2020-07-19,US,Washington,347
Craig,2020-07-19,US,Virginia,37
Craighead,2020-07-19,US,Arkansas,739
Crane,2020-07-19,US,Texas,65
Craven,2020-07-19,US,North Carolina,514
Crawford,2020-07-19,US,Wisconsin,690
Creek,2020-07-19,US,Oklahoma,272
Crenshaw,2020-07-19,US,Alabama,172
Crisp,2020-07-19,US,Georgia,339
Crittenden,2020-07-19,US,Kentucky,957
Crockett,2020-07-19,US,Texas,105
Crook,2020-07-19,US,Wyoming,28
Crosby,2020-07-19,US,Texas,36
Cross,2020-07-19,US,Arkansas,117
Crow Wing,2020-07-19,US,Minnesota,128
Crowley,2020-07-19,US,Colorado,72
Culberson,2020-07-19,US,Texas,13
Culebra,2020-07-19,US,Puerto Rico,11
Cullman,2020-07-19,US,Alabama,826
Culpeper,2020-07-19,US,Virginia,900
Cumberland,2020-07-19,US,Virginia,3079
Cuming,2020-07-19,US,Nebraska,41
Currituck,2020-07-19,US,North Carolina,51
Curry,2020-07-19,US,Oregon,316
Custer,2020-07-19,US,South Dakota,112
Cuyahoga,2020-07-19,US,Ohio,10713
Dade,2020-07-19,US,Missouri,87
Dakota,2020-07-19,US,Nebraska,3059
Dale,2020-07-19,US,Alabama,538
Dallam,2020-07-19,US,Texas,149
Dallas,2020-07-19,US,Texas,42292
Dane,2020-07-19,US,Wisconsin,3549
Danville,2020-07-19,US,Virginia,196
Dare,2020-07-19,US,North Carolina,150
Darke,2020-07-19,US,Ohio,266
Darlington,2020-07-19,US,South Carolina,714
Dauphin,2020-07-19,US,Pennsylvania,2420
Davidson,2020-07-19,US,Tennessee,16223
Davie,2020-07-19,US,North Carolina,285
Daviess,2020-07-19,US,Missouri,575
Davis,2020-07-19,US,Utah,2360
Davison,2020-07-19,US,South Dakota,69
Dawes,2020-07-19,US,Nebraska,5
Dawson,2020-07-19,US,Texas,883
Day,2020-07-19,US,South Dakota,19
De Baca,2020-05-07,US,New Mexico,1
De Soto,2020-07-19,US,Louisiana,502
De Witt,2020-07-19,US,Illinois,21
DeKalb,2020-07-19,US,Tennessee,9800
DeSoto,2020-07-19,US,Mississippi,2394
DeWitt,2020-07-19,US,Texas,306
Deaf Smith,2020-07-19,US,Texas,447
Dearborn,2020-07-19,US,Indiana,334
Decatur,2020-07-19,US,Tennessee,383
Deer Lodge,2020-07-19,US,Montana,8
Defiance,2020-07-19,US,Ohio,77
Del Norte,2020-07-19,US,California,66
Delaware,2020-07-19,US,Pennsylvania,7903
Delta,2020-07-19,US,Texas,88
Denali,2020-07-02,US,Alaska,1
Dent,2020-07-19,US,Missouri,10
Denton,2020-07-19,US,Texas,4968
Denver,2020-07-19,US,Colorado,8429
Des Moines,2020-07-19,US,Iowa,116
Deschutes,2020-07-19,US,Oregon,371
Desha,2020-07-19,US,Arkansas,110
Deuel,2020-07-19,US,South Dakota,5
Dewey,2020-07-19,US,South Dakota,45
Dickens,2020-07-19,US,Texas,4
Dickenson,2020-07-19,US,Virginia,28
Dickey,2020-07-19,US,North Dakota,8
Dickinson,2020-07-19,US,Michigan,344
Dickson,2020-07-19,US,Tennessee,390
Dillingham,2020-07-19,US,Alaska,1
Dillon,2020-07-19,US,South Carolina,441
Dimmit,2020-07-19,US,Texas,56
Dinwiddie,2020-07-19,US,Virginia,168
District of Columbia,2020-07-19,US,District of Columbia,11339
Divide,2020-07-19,US,North Dakota,1
Dixie,2020-07-19,US,Florida,190
Dixon,2020-07-19,US,Nebraska,58
Dodge,2020-07-19,US,Wisconsin,725
Dolores,2020-07-19,US,Colorado,2
Dona Ana,2020-07-19,US,New Mexico,1737
Doniphan,2020-07-19,US,Kansas,36
Donley,2020-07-19,US,Texas,35
Dooly,2020-07-19,US,Georgia,225
Door,2020-07-19,US,Wisconsin,74
Dorado,2020-07-19,US,Puerto Rico,181
Dorchester,2020-07-19,US,South Carolina,2154
Dougherty,2020-07-19,US,Georgia,2317
Douglas,2020-07-19,US,Wisconsin,8715
Drew,2020-07-19,US,Arkansas,116
DuPage,2020-07-19,US,Illinois,10317
Dubois,2020-07-19,US,Indiana,435
Dubuque,2020-07-19,US,Iowa,1215
Duchesne,2020-04-16,US,Utah,3
Dukes,2020-07-19,US,Massachusetts,88
Dundy,2020-07-19,US,Nebraska,2
Dunklin,2020-07-19,US,Missouri,149
Dunn,2020-07-19,US,Wisconsin,68
Duplin,2020-07-19,US,North Carolina,1768
Durham,2020-07-19,US,North Carolina,5110
Dutchess,2020-07-19,US,New York,4376
Duval,2020-07-19,US,Texas,17245
Dyer,2020-07-19,US,Tennessee,373
Eagle,2020-07-19,US,Colorado,850
Early,2020-07-19,US,Georgia,327
East Baton Rouge,2020-07-19,US,Louisiana,8578
East Carroll,2020-07-19,US,Louisiana,484
East Feliciana,2020-07-19,US,Louisiana,407
Eastland,2020-07-19,US,Texas,29
Eaton,2020-07-19,US,Michigan,381
Eau Claire,2020-07-19,US,Wisconsin,402
Echols,2020-07-19,US,Georgia,209
Ector,2020-07-19,US,Texas,2403
Eddy,2020-07-19,US,North Dakota,187
Edgar,2020-07-19,US,Illinois,23
Edgecombe,2020-07-19,US,North Carolina,454
Edgefield,2020-07-19,US,South Carolina,171
Edmonson,2020-07-19,US,Kentucky,82
Edmunds,2020-07-19,US,South Dakota,10
Edwards,2020-07-19,US,Texas,14
Effingham,2020-07-19,US,Illinois,419
El Dorado,2020-07-19,US,California,443
El Paso,2020-07-19,US,Texas,11769
Elbert,2020-07-19,US,Georgia,235
Elk,2020-07-19,US,Pennsylvania,37
Elkhart,2020-07-19,US,Indiana,4046
Elko,2020-07-19,US,Nevada,332
Elliott,2020-07-19,US,Kentucky,7
Ellis,2020-07-19,US,Texas,1972
Ellsworth,2020-07-19,US,Kansas,14
Elmore,2020-07-19,US,Idaho,1268
Emanuel,2020-07-19,US,Georgia,260
Emery,2020-07-19,US,Utah,60
Emmet,2020-07-19,US,Michigan,120
Emmons,2020-07-19,US,North Dakota,9
Emporia,2020-07-19,US,Virginia,151
Erath,2020-07-19,US,Texas,339
Erie,2020-07-19,US,Pennsylvania,8046
Escambia,2020-07-19,US,Florida,5900
Essex,2020-07-19,US,Virginia,19121
Estill,2020-07-19,US,Kentucky,8
Etowah,2020-07-19,US,Alabama,1356
Eureka,2020-07-19,US,Nevada,2
Evangeline,2020-07-19,US,Louisiana,494
Evans,2020-07-19,US,Georgia,100
Fairbanks North Star,2020-07-19,US,Alaska,316
Fairfax,2020-07-19,US,Virginia,14934
Fairfax City,2020-07-19,US,Virginia,74
Fairfield,2020-07-19,US,South Carolina,17112
Fajardo,2020-07-19,US,Puerto Rico,128
Fall River,2020-07-19,US,South Dakota,14
Fallon,2020-07-19,US,Montana,1
Falls,2020-07-19,US,Texas,68
Falls Church,2020-07-19,US,Virginia,59
Fannin,2020-07-19,US,Texas,193
Faribault,2020-07-19,US,Minnesota,70
Faulk,2020-07-19,US,South Dakota,24
Faulkner,2020-07-19,US,Arkansas,926
Fauquier,2020-07-19,US,Virginia,530
Fayette,2020-07-19,US,West Virginia,2147
Fentress,2020-07-19,US,Tennessee,41
Fergus,2020-07-19,US,Montana,4
Ferry,2020-07-19,US,Washington,6
Fillmore,2020-07-19,US,Nebraska,45
Finney,2020-07-19,US,Kansas,1628
Fisher,2020-07-19,US,Texas,22
Flagler,2020-07-19,US,Florida,659
Flathead,2020-07-19,US,Montana,132
Fleming,2020-07-19,US,Kentucky,41
Florence,2020-07-19,US,Wisconsin,2080
Florida,2020-07-19,US,Puerto Rico,64
Floyd,2020-07-19,US,Virginia,867
Fluvanna,2020-07-19,US,Virginia,146
Foard,2020-07-19,US,Texas,1
Fond du Lac,2020-07-19,US,Wisconsin,441
Ford,2020-07-19,US,Kansas,1990
Forest,2020-07-19,US,Wisconsin,50
Forrest,2020-07-19,US,Mississippi,1197
Forsyth,2020-07-19,US,North Carolina,4220
Fort Bend,2020-07-19,US,Texas,5995
Foster,2020-07-19,US,North Dakota,4
Fountain,2020-07-19,US,Indiana,43
Franklin,2020-07-19,US,Washington,14246
Franklin City,2020-07-19,US,Virginia,93
Frederick,2020-07-19,US,Virginia,2739
Fredericksburg,2020-07-19,US,Virginia,296
Freeborn,2020-07-19,US,Minnesota,327
Freestone,2020-07-19,US,Texas,96
Fremont,2020-07-19,US,Wyoming,426
Fresno,2020-07-19,US,California,10639
Frio,2020-07-19,US,Texas,376
Frontier,2020-07-19,US,Nebraska,2
Fulton,2020-07-19,US,Pennsylvania,13379
Furnas,2020-07-19,US,Nebraska,12
Gadsden,2020-07-19,US,Florida,854
Gage,2020-07-19,US,Nebraska,70
Gaines,2020-07-19,US,Texas,57
Galax,2020-07-19,US,Virginia,304
Gallatin,2020-07-19,US,Montana,615
Gallia,2020-07-19,US,Ohio,30
Galveston,2020-07-19,US,Texas,7354
Garden,2020-07-19,US,Nebraska,5
Garfield,2020-07-19,US,Washington,2497
Garland,2020-07-19,US,Arkansas,499
Garrard,2020-07-19,US,Kentucky,45
Garrett,2020-07-19,US,Maryland,34
Garvin,2020-07-19,US,Oklahoma,146
Garza,2020-07-19,US,Texas,60
Gasconade,2020-07-19,US,Missouri,19
Gaston,2020-07-19,US,North Carolina,2320
Gates,2020-07-19,US,North Carolina,32
Geary,2020-07-19,US,Kansas,90
Geauga,2020-07-19,US,Ohio,466
Gem,2020-07-19,US,Idaho,101
Genesee,2020-07-19,US,New York,3116
Geneva,2020-07-19,US,Alabama,146
Gentry,2020-07-19,US,Missouri,70
George,2020-07-19,US,Mississippi,179
Georgetown,2020-07-19,US,South Carolina,986
Gibson,2020-07-19,US,Tennessee,312
Gila,2020-07-19,US,Arizona,573
Gilchrist,2020-07-19,US,Florida,230
Giles,2020-07-19,US,Virginia,207
Gillespie,2020-07-19,US,Texas,123
Gilliam,2020-07-19,US,Oregon,2
Gilmer,2020-07-19,US,West Virginia,360
Gilpin,2020-07-19,US,Colorado,12
Glacier,2020-07-19,US,Montana,34
Glades,2020-07-19,US,Florida,286
Gladwin,2020-07-19,US,Michigan,30
Glascock,2020-07-19,US,Georgia,17
Glasscock,2020-07-19,US,Texas,6
Glenn,2020-07-19,US,California,219
Gloucester,2020-07-19,US,Virginia,2829
Glynn,2020-07-19,US,Georgia,1858
Gogebic,2020-07-19,US,Michigan,37
Golden Valley,2020-07-19,US,North Dakota,3
Goliad,2020-07-19,US,Texas,33
Gonzales,2020-07-19,US,Texas,433
Goochland,2020-07-19,US,Virginia,139
Goodhue,2020-07-19,US,Minnesota,148
Gooding,2020-07-19,US,Idaho,95
Gordon,2020-07-19,US,Georgia,685
Goshen,2020-07-19,US,Wyoming,11
Gosper,2020-07-19,US,Nebraska,13
Gove,2020-07-19,US,Kansas,2
Grady,2020-07-19,US,Oklahoma,304
Grafton,2020-07-19,US,New Hampshire,99
Graham,2020-07-19,US,North Carolina,298
Grainger,2020-07-19,US,Tennessee,74
Grand,2020-07-19,US,Utah,37
Grand Forks,2020-07-19,US,North Dakota,533
Grand Isle,2020-07-19,US,Vermont,13
Grand Traverse,2020-07-19,US,Michigan,130
Granite,2020-07-19,US,Montana,6
Grant,2020-07-19,US,Wisconsin,972
Granville,2020-07-19,US,North Carolina,1033
Gratiot,2020-07-19,US,Michigan,119
Graves,2020-07-19,US,Kentucky,387
Gray,2020-07-19,US,Texas,140
Grays Harbor,2020-07-19,US,Washington,66
Grayson,2020-07-19,US,Virginia,849
Greeley,2020-07-19,US,Nebraska,6
Green,2020-07-19,US,Wisconsin,117
Green Lake,2020-07-19,US,Wisconsin,47
Greenbrier,2020-07-19,US,West Virginia,80
Greene,2020-07-19,US,Virginia,650
Greenlee,2020-07-19,US,Arizona,40
Greensville,2020-07-19,US,Virginia,388
Greenup,2020-07-19,US,Kentucky,57
Greenville,2020-07-19,US,South Carolina,8583
Greenwood,2020-07-19,US,South Carolina,1013
Greer,2020-07-19,US,Oklahoma,71
Gregg,2020-07-19,US,Texas,1008
Gregory,2020-07-19,US,South Dakota,6
Grenada,2020-07-19,US,Mississippi,711
Griggs,2020-07-19,US,North Dakota,3
Grimes,2020-07-19,US,Texas,726
Grundy,2020-07-19,US,Tennessee,214
Guadalupe,2020-07-19,US,Texas,1296
Guanica,2020-07-19,US,Puerto Rico,50
Guayama,2020-07-19,US,Puerto Rico,101
Guayanilla,2020-07-19,US,Puerto Rico,91
Guaynabo,2020-07-19,US,Puerto Rico,542
Guernsey,2020-07-19,US,Ohio,89
Guilford,2020-07-19,US,North Carolina,4198
Gulf,2020-07-19,US,Florida,178
Gunnison,2020-07-19,US,Colorado,202
Gurabo,2020-07-19,US,Puerto Rico,152
Guthrie,2020-07-19,US,Iowa,107
Gwinnett,2020-07-19,US,Georgia,13614
Haakon,2020-07-19,US,South Dakota,1
Habersham,2020-07-19,US,Georgia,855
Haines,2020-07-19,US,Alaska,3
Hale,2020-07-19,US,Texas,934
Halifax,2020-07-19,US,Virginia,480
Hall,2020-07-19,US,Texas,4420
Hamblen,2020-07-19,US,Tennessee,660
Hamilton,2020-07-19,US,Texas,7923
Hamlin,2020-07-19,US,South Dakota,13
Hampden,2020-07-19,US,Massachusetts,7141
Hampshire,2020-07-19,US,West Virginia,1049
Hampton,2020-07-19,US,Virginia,723
Hancock,2020-07-19,US,West Virginia,511
Hand,2020-07-19,US,South Dakota,7
Hanover,2020-07-19,US,Virginia,518
Hansford,2020-07-19,US,Texas,43
Hanson,2020-07-19,US,South Dakota,14
Haralson,2020-07-19,US,Georgia,135
Hardee,2020-07-19,US,Florida,710
Hardeman,2020-07-19,US,Texas,556
Hardin,2020-07-19,US,Texas,524
Harding,2020-07-19,US,New Mexico,1
Hardy,2020-07-19,US,West Virginia,49
Harford,2020-07-19,US,Maryland,1427
Harlan,2020-07-19,US,Nebraska,83
Harmon,2020-07-19,US,Oklahoma,4
Harnett,2020-07-19,US,North Carolina,888
Harney,2020-07-19,US,Oregon,3
Harper,2020-07-19,US,Oklahoma,6
Harris,2020-07-19,US,Texas,57071
Harrison,2020-07-19,US,West Virginia,1456
Harrisonburg,2020-07-19,US,Virginia,1009
Hart,2020-07-19,US,Kentucky,158
Hartford,2020-07-19,US,Connecticut,12082
Hartley,2020-07-19,US,Texas,70
Harvey,2020-07-19,US,Kansas,117
Haskell,2020-07-19,US,Texas,33
Hatillo,2020-07-19,US,Puerto Rico,62
Hawaii,2020-07-19,US,Hawaii,114
Hawkins,2020-07-19,US,Tennessee,145
Hays,2020-07-19,US,Texas,3979
Haywood,2020-07-19,US,Tennessee,192
Heard,2020-07-19,US,Georgia,102
Hemphill,2020-07-19,US,Texas,23
Hempstead,2020-07-19,US,Arkansas,131
Henderson,2020-07-19,US,Texas,1126
Hendricks,2020-07-19,US,Indiana,1560
Hendry,2020-07-19,US,Florida,1389
Hennepin,2020-07-19,US,Minnesota,14835
Henrico,2020-07-19,US,Virginia,3058
Henry,2020-07-19,US,Virginia,2213
Herkimer,2020-07-19,US,New York,206
Hernando,2020-07-19,US,Florida,1207
Hertford,2020-07-19,US,North Carolina,200
Hettinger,2020-07-19,US,North Dakota,6
Hickman,2020-07-19,US,Tennessee,143
Hickory,2020-07-19,US,Missouri,2
Hidalgo,2020-07-19,US,Texas,12787
Highland,2020-07-19,US,Virginia,74
Highlands,2020-07-19,US,Florida,778
Hill,2020-07-19,US,Texas,204
Hillsborough,2020-07-19,US,New Hampshire,24135
Hillsdale,2020-07-19,US,Michigan,218
Hinds,2020-07-19,US,Mississippi,3691
Hinsdale,2020-07-19,US,Colorado,3
Hitchcock,2020-07-19,US,Nebraska,1
Hocking,2020-07-19,US,Ohio,94
Hockley,2020-07-19,US,Texas,129
Hodgeman,2020-07-19,US,Kansas,10
Hoke,2020-07-19,US,North Carolina,547
Holmes,2020-07-19,US,Ohio,640
Holt,2020-07-19,US,Nebraska,4
Honolulu,2020-07-19,US,Hawaii,1079
Hood,2020-07-19,US,Texas,288
Hood River,2020-07-19,US,Oregon,132
Hooker,2020-07-19,US,Nebraska,3
Hopewell,2020-07-19,US,Virginia,231
Hopkins,2020-07-19,US,Texas,353
Hormigueros,2020-07-19,US,Puerto Rico,63
Horry,2020-07-19,US,South Carolina,6784
Hot Spring,2020-07-19,US,Arkansas,1354
Hot Springs,2020-07-19,US,Wyoming,14
Houghton,2020-07-19,US,Michigan,33
Houston,2020-07-19,US,Texas,1239
Howard,2020-07-19,US,Texas,3128
Howell,2020-07-19,US,Missouri,63
Hubbard,2020-07-19,US,Minnesota,12
Hudson,2020-07-19,US,New Jersey,19333
Hudspeth,2020-07-19,US,Texas,18
Huerfano,2020-07-19,US,Colorado,5
Hughes,2020-07-19,US,South Dakota,78
Humacao,2020-07-19,US,Puerto Rico,121
Humboldt,2020-07-19,US,Nevada,189
Humphreys,2020-07-19,US,Tennessee,209
Hunt,2020-07-19,US,Texas,850
Hunterdon,2020-07-19,US,New Jersey,1101
Huntingdon,2020-07-19,US,Pennsylvania,269
Huntington,2020-07-19,US,Indiana,110
Huron,2020-07-19,US,Ohio,303
Hutchinson,2020-07-19,US,Texas,91
Hyde,2020-07-19,US,South Dakota,34
Iberia,2020-07-19,US,Louisiana,1671
Iberville,2020-07-19,US,Louisiana,921
Ida,2020-07-19,US,Iowa,25
Idaho,2020-07-19,US,Idaho,17
Imperial,2020-07-19,US,California,8606
Independence,2020-07-19,US,Arkansas,114
Indian River,2020-07-19,US,Florida,1649
Indiana,2020-07-19,US,Pennsylvania,180
Ingham,2020-07-19,US,Michigan,1287
Inyo,2020-07-19,US,California,40
Ionia,2020-07-19,US,Michigan,235
Iosco,2020-07-19,US,Michigan,123
Iowa,2020-07-19,US,Wisconsin,66
Iredell,2020-07-19,US,North Carolina,1353
Irion,2020-07-19,US,Texas,4
Iron,2020-07-19,US,Wisconsin,28
Iroquois,2020-07-19,US,Illinois,181
Irwin,2020-07-19,US,Georgia,109
Isabela,2020-07-19,US,Puerto Rico,80
Isabella,2020-07-19,US,Michigan,184
Isanti,2020-07-19,US,Minnesota,93
Island,2020-07-19,US,Washington,216
Isle of Wight,2020-07-19,US,Virginia,277
Issaquena,2020-07-19,US,Mississippi,15
Itasca,2020-07-19,US,Minnesota,98
Itawamba,2020-07-19,US,Mississippi,191
Izard,2020-07-19,US,Arkansas,28
Jack,2020-07-19,US,Texas,14
Jackson,2020-07-19,US,Wisconsin,1954
James City,2020-07-19,US,Virginia,452
Jasper,2020-07-19,US,Texas,1256
Jay,2020-07-19,US,Indiana,73
Jayuya,2020-07-19,US,Puerto Rico,168
Jeff Davis,2020-07-19,US,Texas,216
Jefferson,2020-07-19,US,Wisconsin,12486
Jefferson Davis,2020-07-19,US,Mississippi,801
Jenkins,2020-07-19,US,Georgia,193
Jennings,2020-07-19,US,Indiana,187
Jerauld,2020-07-19,US,South Dakota,40
Jerome,2020-07-19,US,Idaho,356
Jersey,2020-07-19,US,Illinois,54
Jessamine,2020-07-19,US,Kentucky,180
Jewell,2020-07-19,US,Kansas,5
Jim Hogg,2020-07-19,US,Texas,42
Jim Wells,2020-07-19,US,Texas,402
Jo Daviess,2020-07-19,US,Illinois,66
Johnson,2020-07-19,US,Wyoming,3828
Johnston,2020-07-19,US,Oklahoma,2406
Jones,2020-07-19,US,Texas,1382
Josephine,2020-07-19,US,Oregon,72
Juana Diaz,2020-07-19,US,Puerto Rico,133
Juncos,2020-07-19,US,Puerto Rico,71
Juneau,2020-07-19,US,Wisconsin,76
Juniata,2020-07-19,US,Pennsylvania,120
Kalamazoo,2020-07-19,US,Michigan,1348
Kalkaska,2020-07-19,US,Michigan,45
Kanabec,2020-07-19,US,Minnesota,19
Kanawha,2020-07-19,US,West Virginia,536
Kandiyohi,2020-07-19,US,Minnesota,613
Kane,2020-07-19,US,Utah,8406
Kankakee,2020-07-19,US,Illinois,1516
Kansas City,2020-07-19,US,Missouri,3809
Karnes,2020-07-19,US,Texas,153
Kauai,2020-07-19,US,Hawaii,43
Kaufman,2020-07-19,US,Texas,1222
Kay,2020-07-19,US,Oklahoma,147
Kearney,2020-07-19,US,Nebraska,18
Kearny,2020-07-19,US,Kansas,52
Keith,2020-07-19,US,Nebraska,8
Kemper,2020-07-19,US,Mississippi,198
Kenai Peninsula,2020-07-19,US,Alaska,245
Kendall,2020-07-19,US,Texas,1126
Kenedy,2020-07-19,US,Texas,3
Kennebec,2020-07-19,US,Maine,149
Kenosha,2020-07-19,US,Wisconsin,2027
Kent,2020-07-19,US,Texas,6357
Kenton,2020-07-19,US,Kentucky,1061
Keokuk,2020-07-19,US,Iowa,24
Kern,2020-07-19,US,California,9234
Kerr,2020-07-19,US,Texas,255
Kershaw,2020-07-19,US,South Carolina,1009
Ketchikan Gateway,2020-07-19,US,Alaska,25
Kewaunee,2020-07-19,US,Wisconsin,92
Keweenaw,2020-07-19,US,Michigan,2
Keya Paha,2020-06-23,US,Nebraska,3
Kidder,2020-07-19,US,North Dakota,4
Kimball,2020-07-19,US,Nebraska,15
Kimble,2020-07-19,US,Texas,11
King,2020-07-19,US,Washington,13319
King George,2020-07-19,US,Virginia,108
King William,2020-07-19,US,Virginia,63
King and Queen,2020-07-19,US,Virginia,32
Kingfisher,2020-07-19,US,Oklahoma,63
Kingman,2020-07-19,US,Kansas,5
Kings,2020-07-19,US,California,3398
Kingsbury,2020-07-19,US,South Dakota,8
Kinney,2020-07-19,US,Texas,4
Kiowa,2020-07-19,US,Oklahoma,18
Kit Carson,2020-07-19,US,Colorado,37
Kitsap,2020-07-19,US,Washington,399
Kittitas,2020-07-19,US,Washington,297
Kittson,2020-07-19,US,Minnesota,2
Klamath,2020-07-19,US,Oregon,155
Kleberg,2020-07-19,US,Texas,268
Klickitat,2020-07-19,US,Washington,83
Knott,2020-07-19,US,Kentucky,26
Knox,2020-07-19,US,Texas,2413
Kodiak Island,2020-07-19,US,Alaska,7
Koochiching,2020-07-19,US,Minnesota,37
Kootenai,2020-07-19,US,Idaho,1067
Kosciusko,2020-07-19,US,Indiana,679
Kossuth,2020-07-19,US,Iowa,71
Kusilvak,2020-07-19,US,Alaska,3
La Crosse,2020-07-19,US,Wisconsin,674
La Paz,2020-07-19,US,Arizona,435
La Plata,2020-07-19,US,Colorado,165
La Salle,2020-07-19,US,Texas,311
LaGrange,2020-07-19,US,Indiana,499
LaMoure,2020-07-19,US,North Dakota,14
LaPorte,2020-07-19,US,Indiana,695
LaSalle,2020-07-19,US,Louisiana,343
Labette,2020-07-19,US,Kansas,92
Lac qui Parle,2020-07-19,US,Minnesota,6
Lackawanna,2020-07-19,US,Pennsylvania,1808
Laclede,2020-07-19,US,Missouri,145
Lafayette,2020-07-19,US,Wisconsin,5001
Lafourche,2020-07-19,US,Louisiana,2045
Lajas,2020-07-19,US,Puerto Rico,60
Lake,2020-07-19,US,Tennessee,10896
Lake of the Woods,2020-05-27,US,Minnesota,14
Lamar,2020-07-19,US,Texas,807
Lamb,2020-07-19,US,Texas,119
Lamoille,2020-07-19,US,Vermont,42
Lampasas,2020-07-19,US,Texas,48
Lancaster,2020-07-19,US,Virginia,5084
Lander,2020-07-19,US,Nevada,47
Lane,2020-07-19,US,Oregon,398
Langlade,2020-07-19,US,Wisconsin,11
Lanier,2020-07-19,US,Georgia,184
Lapeer,2020-07-19,US,Michigan,341
Laramie,2020-07-19,US,Wyoming,383
Lares,2020-07-19,US,Puerto Rico,104
Larimer,2020-07-19,US,Colorado,1112
Larue,2020-07-19,US,Kentucky,27
Las Animas,2020-07-19,US,Colorado,11
Las Marias,2020-07-19,US,Puerto Rico,34
Las Piedras,2020-07-19,US,Puerto Rico,106
Lassen,2020-07-19,US,California,512
Latah,2020-07-19,US,Idaho,47
Latimer,2020-07-19,US,Oklahoma,25
Lauderdale,2020-07-19,US,Tennessee,1090
Laurel,2020-07-19,US,Kentucky,253
Laurens,2020-07-19,US,South Carolina,939
Lavaca,2020-07-19,US,Texas,464
Lawrence,2020-07-19,US,Tennessee,302
Le Flore,2020-07-19,US,Oklahoma,89
Le Sueur,2020-07-19,US,Minnesota,153
Lea,2020-07-19,US,New Mexico,379
Leake,2020-07-19,US,Mississippi,683
Leavenworth,2020-07-19,US,Kansas,1285
Lebanon,2020-07-19,US,Pennsylvania,1500
Lee,2020-07-19,US,Virginia,12906
Leelanau,2020-07-19,US,Michigan,56
Leflore,2020-07-19,US,Mississippi,648
Lehigh,2020-07-19,US,Pennsylvania,4564
Lemhi,2020-07-19,US,Idaho,6
Lenawee,2020-07-19,US,Michigan,321
Lenoir,2020-07-19,US,North Carolina,453
Leon,2020-07-19,US,Texas,3140
Leslie,2020-07-19,US,Kentucky,13
Letcher,2020-07-19,US,Kentucky,26
Levy,2020-07-19,US,Florida,375
Lewis,2020-07-19,US,West Virginia,129
Lewis and Clark,2020-07-19,US,Montana,83
Lexington,2020-07-19,US,Virginia,3653
Liberty,2020-07-19,US,Texas,650
Licking,2020-07-19,US,Ohio,733
Limestone,2020-07-19,US,Texas,879
Lincoln,2020-07-19,US,Wyoming,1121
Linn,2020-07-19,US,Oregon,1604
Lipscomb,2020-07-19,US,Texas,12
Litchfield,2020-07-19,US,Connecticut,1524
Little River,2020-07-19,US,Arkansas,65
Live Oak,2020-07-19,US,Texas,101
Livingston,2020-07-19,US,New York,1990
Llano,2020-07-19,US,Texas,60
Logan,2020-07-19,US,West Virginia,643
Loiza,2020-07-19,US,Puerto Rico,64
Long,2020-07-19,US,Georgia,83
Lonoke,2020-07-19,US,Arkansas,261
Lorain,2020-07-19,US,Ohio,1344
Los Alamos,2020-07-19,US,New Mexico,14
Los Angeles,2020-07-19,US,California,159045
Loudon,2020-07-19,US,Tennessee,408
Loudoun,2020-07-19,US,Virginia,4670
Louisa,2020-07-19,US,Virginia,371
Loup,2020-06-24,US,Nebraska,1
Love,2020-07-19,US,Oklahoma,55
Lowndes,2020-07-19,US,Mississippi,2248
Lubbock,2020-07-19,US,Texas,4482
Lucas,2020-07-19,US,Ohio,3567
Luce,2020-07-19,US,Michigan,3
Lumpkin,2020-07-19,US,Georgia,204
Luna,2020-07-19,US,New Mexico,155
Lunenburg,2020-07-19,US,Virginia,43
Luquillo,2020-07-19,US,Puerto Rico,72
Luzerne,2020-07-19,US,Pennsylvania,3071
Lycoming,2020-07-19,US,Pennsylvania,274
Lyman,2020-07-19,US,South Dakota,84
Lynchburg,2020-07-19,US,Virginia,251
Lynn,2020-07-19,US,Texas,55
Lyon,2020-07-19,US,Nevada,570
Mackinac,2020-07-19,US,Michigan,10
Macomb,2020-07-19,US,Michigan,8418
Macon,2020-07-19,US,Tennessee,703
Macoupin,2020-07-19,US,Illinois,89
Madera,2020-07-19,US,California,1179
Madison,2020-07-19,US,Virginia,3588
Magoffin,2020-07-19,US,Kentucky,7
Mahaska,2020-07-19,US,Iowa,129
Mahnomen,2020-07-19,US,Minnesota,18
Mahoning,2020-07-19,US,Ohio,2119
Major,2020-07-19,US,Oklahoma,16
Malheur,2020-07-19,US,Oregon,499
Manassas,2020-07-19,US,Virginia,1530
Manassas Park,2020-07-19,US,Virginia,473
Manatee,2020-07-19,US,Florida,6738
Manati,2020-07-19,US,Puerto Rico,84
Manistee,2020-07-19,US,Michigan,30
Manitowoc,2020-07-19,US,Wisconsin,202
Marathon,2020-07-19,US,Wisconsin,383
Marengo,2020-07-19,US,Alabama,428
Maricao,2020-07-19,US,Puerto Rico,36
Maricopa,2020-07-19,US,Arizona,96711
Maries,2020-07-19,US,Missouri,7
Marin,2020-07-19,US,California,4376
Marinette,2020-07-19,US,Wisconsin,177
Marion,2020-07-19,US,West Virginia,12843
Mariposa,2020-07-19,US,California,38
Marlboro,2020-07-19,US,South Carolina,361
Marquette,2020-07-19,US,Wisconsin,106
Marshall,2020-07-19,US,West Virginia,2400
Martin,2020-07-19,US,Texas,3152
Martinsville,2020-07-19,US,Virginia,132
Mason,2020-07-19,US,West Virginia,89
Massac,2020-07-19,US,Illinois,22
Matagorda,2020-07-19,US,Texas,475
Matanuska-Susitna,2020-07-19,US,Alaska,190
Mathews,2020-07-19,US,Virginia,10
Maui,2020-07-19,US,Hawaii,135
Maunabo,2020-07-19,US,Puerto Rico,36
Maury,2020-07-19,US,Tennessee,665
Maverick,2020-07-19,US,Texas,1283
Mayaguez,2020-07-19,US,Puerto Rico,318
Mayes,2020-07-19,US,Oklahoma,178
McClain,2020-07-19,US,Oklahoma,289
McCook,2020-07-19,US,South Dakota,21
McCormick,2020-07-19,US,South Carolina,79
McCracken,2020-07-19,US,Kentucky,245
McCreary,2020-07-19,US,Kentucky,20
McCulloch,2020-07-19,US,Texas,30
McCurtain,2020-07-19,US,Oklahoma,695
McDonald,2020-07-19,US,Missouri,819
McDonough,2020-07-19,US,Illinois,118
McDowell,2020-07-19,US,West Virginia,389
McDuffie,2020-07-19,US,Georgia,201
McHenry,2020-07-19,US,North Dakota,2480
McIntosh,2020-07-19,US,Oklahoma,103
McKean,2020-07-19,US,Pennsylvania,25
McKenzie,2020-07-19,US,North Dakota,52
McKinley,2020-07-19,US,New Mexico,3767
McLean,2020-07-19,US,North Dakota,404
McLennan,2020-07-19,US,Texas,3413
McLeod,2020-07-19,US,Minnesota,111
McMinn,2020-07-19,US,Tennessee,371
McMullen,2020-07-19,US,Texas,4
McNairy,2020-07-19,US,Tennessee,162
McPherson,2020-07-19,US,South Dakota,102
Meade,2020-07-19,US,South Dakota,58
Meagher,2020-07-19,US,Montana,4
Mecklenburg,2020-07-19,US,Virginia,17571
Mecosta,2020-07-19,US,Michigan,46
Medina,2020-07-19,US,Texas,691
Meeker,2020-07-19,US,Minnesota,72
Meigs,2020-07-19,US,Tennessee,53
Mellette,2020-07-19,US,South Dakota,14
Menard,2020-07-19,US,Texas,35
Mendocino,2020-07-19,US,California,199
Menifee,2020-07-19,US,Kentucky,19
Menominee,2020-07-19,US,Wisconsin,56
Merced,2020-07-19,US,California,2694
Mercer,2020-07-19,US,West Virginia,7844
Meriwether,2020-07-19,US,Georgia,282
Merrick,2020-07-19,US,Nebraska,41
Merrimack,2020-07-19,US,New Hampshire,440
Mesa,2020-07-19,US,Colorado,189
Metcalfe,2020-07-19,US,Kentucky,18
Miami,2020-07-19,US,Ohio,576
Miami-Dade,2020-07-19,US,Florida,87035
Middlesex,2020-07-19,US,Virginia,24958
Midland,2020-07-19,US,Texas,1522
Mifflin,2020-07-19,US,Pennsylvania,82
Milam,2020-07-19,US,Texas,217
Mille Lacs,2020-07-19,US,Minnesota,45
Miller,2020-07-19,US,Missouri,360
Mills,2020-07-19,US,Texas,60
Milwaukee,2020-07-19,US,Wisconsin,16275
Miner,2020-07-19,US,South Dakota,11
Mineral,2020-07-19,US,West Virginia,73
Mingo,2020-07-19,US,West Virginia,55
Minidoka,2020-07-19,US,Idaho,317
Minnehaha,2020-07-19,US,South Dakota,3869
Missaukee,2020-07-19,US,Michigan,40
Mississippi,2020-07-19,US,Missouri,450
Missoula,2020-07-19,US,Montana,164
Mitchell,2020-07-19,US,Texas,522
Mobile,2020-07-19,US,Alabama,6150
Moca,2020-07-19,US,Puerto Rico,94
Moffat,2020-07-19,US,Colorado,18
Mohave,2020-07-19,US,Arizona,2281
Moniteau,2020-07-19,US,Missouri,71
Monmouth,2020-07-19,US,New Jersey,9672
Mono,2020-07-19,US,California,83
Monona,2020-07-19,US,Iowa,81
Monongalia,2020-07-19,US,West Virginia,754
Monroe,2020-07-19,US,Wisconsin,4422
Montague,2020-07-19,US,Texas,35
Montcalm,2020-07-19,US,Michigan,155
Monterey,2020-07-19,US,California,3353
Montezuma,2020-07-19,US,Colorado,92
Montgomery,2020-07-19,US,Virginia,16433
Montmorency,2020-07-19,US,Michigan,8
Montour,2020-07-19,US,Pennsylvania,86
Montrose,2020-07-19,US,Colorado,235
Moody,2020-07-19,US,South Dakota,26
Moore,2020-07-19,US,Texas,942
Mora,2020-07-19,US,New Mexico,3
Morehouse,2020-07-19,US,Louisiana,339
Morgan,2020-07-19,US,West Virginia,1722
Morovis,2020-07-19,US,Puerto Rico,120
Morrill,2020-07-19,US,Nebraska,53
Morris,2020-07-19,US,Texas,6967
Morrison,2020-07-19,US,Minnesota,73
Morrow,2020-07-19,US,Oregon,195
Morton,2020-07-19,US,North Dakota,172
Motley,2020-07-19,US,Texas,2
Moultrie,2020-07-19,US,Illinois,30
Mountrail,2020-07-19,US,North Dakota,91
Mower,2020-07-19,US,Minnesota,1008
Muhlenberg,2020-07-19,US,Kentucky,574
Multnomah,2020-07-19,US,Oregon,3566
Murray,2020-07-19,US,Oklahoma,391
Muscatine,2020-07-19,US,Iowa,732
Muscogee,2020-07-19,US,Georgia,3435
Muskegon,2020-07-19,US,Michigan,1036
Muskingum,2020-07-19,US,Ohio,119
Muskogee,2020-07-19,US,Oklahoma,247
Musselshell,2020-07-19,US,Montana,3
Nacogdoches,2020-07-19,US,Texas,669
Naguabo,2020-07-19,US,Puerto Rico,61
Nance,2020-07-19,US,Nebraska,6
Nantucket,2020-06-15,US,Massachusetts,13
Napa,2020-07-19,US,California,632
Naranjito,2020-07-19,US,Puerto Rico,116
Nash,2020-07-19,US,North Carolina,760
Nassau,2020-07-19,US,New York,42678
Natchitoches,2020-07-19,US,Louisiana,491
Natrona,2020-07-19,US,Wyoming,178
Navajo,2020-07-19,US,Arizona,4817
Navarro,2020-07-19,US,Texas,562
Nelson,2020-07-19,US,Virginia,147
Nemaha,2020-07-19,US,Nebraska,37
Neosho,2020-07-19,US,Kansas,49
Neshoba,2020-07-19,US,Mississippi,1086
Ness,2020-07-19,US,Kansas,5
Nevada,2020-07-19,US,California,228
New Castle,2020-07-19,US,Delaware,6125
New Hanover,2020-07-19,US,North Carolina,1835
New Haven,2020-07-19,US,Connecticut,12788
New Kent,2020-07-19,US,Virginia,90
New London,2020-07-19,US,Connecticut,1356
New Madrid,2020-07-19,US,Missouri,101
New York,2020-07-19,US,New York,221703
Newaygo,2020-07-19,US,Michigan,226
Newberry,2020-07-19,US,South Carolina,549
Newport,2020-07-19,US,Rhode Island,365
Newport News,2020-07-19,US,Virginia,1206
Newton,2020-07-19,US,Texas,1202
Nez Perce,2020-07-19,US,Idaho,116
Niagara,2020-07-19,US,New York,1384
Nicholas,2020-07-19,US,West Virginia,21
Nicollet,2020-07-19,US,Minnesota,226
Niobrara,2020-07-19,US,Wyoming,2
Noble,2020-07-19,US,Oklahoma,566
Nobles,2020-07-19,US,Minnesota,1706
Nodaway,2020-07-19,US,Missouri,33
Nolan,2020-07-19,US,Texas,90
Nome,2020-07-19,US,Alaska,16
Norfolk,2020-07-19,US,Virginia,9737
Norman,2020-07-19,US,Minnesota,22
North Slope,2020-07-19,US,Alaska,6
Northampton,2020-07-19,US,Virginia,3649
Northumberland,2020-07-19,US,Virginia,364
Northwest Arctic,2020-07-19,US,Alaska,32
Norton,2020-07-19,US,Virginia,22
Nottoway,2020-07-19,US,Virginia,150
Nowata,2020-07-19,US,Oklahoma,41
Noxubee,2020-07-19,US,Mississippi,312
Nuckolls,2020-07-19,US,Nebraska,4
Nueces,2020-07-19,US,Texas,8816
Nye,2020-07-19,US,Nevada,237
O'Brien,2020-07-19,US,Iowa,107
Oakland,2020-07-19,US,Michigan,13442
Obion,2020-07-19,US,Tennessee,175
Ocean,2020-07-19,US,New Jersey,9956
Oceana,2020-07-19,US,Michigan,437
Ochiltree,2020-07-19,US,Texas,63
Oconee,2020-07-19,US,South Carolina,570
Oconto,2020-07-19,US,Wisconsin,121
Ogemaw,2020-07-19,US,Michigan,48
Oglala Lakota,2020-07-19,US,South Dakota,129
Ogle,2020-07-19,US,Illinois,339
Oglethorpe,2020-07-19,US,Georgia,140
Ohio,2020-07-19,US,West Virginia,292
Okaloosa,2020-07-19,US,Florida,1973
Okanogan,2020-07-19,US,Washington,454
Okeechobee,2020-07-19,US,Florida,662
Okfuskee,2020-07-19,US,Oklahoma,23
Oklahoma,2020-07-19,US,Oklahoma,6301
Okmulgee,2020-07-19,US,Oklahoma,219
Oktibbeha,2020-07-19,US,Mississippi,697
Oldham,2020-07-19,US,Texas,398
Oliver,2020-07-19,US,North Dakota,3
Olmsted,2020-07-19,US,Minnesota,1403
Oneida,2020-07-19,US,Wisconsin,1942
Onondaga,2020-07-19,US,New York,3290
Onslow,2020-07-19,US,North Carolina,585
Ontario,2020-07-19,US,New York,326
Ontonagon,2020-07-19,US,Michigan,1
Orange,2020-07-19,US,Virginia,29986
Orangeburg,2020-07-19,US,South Carolina,1595
Oregon,2020-07-19,US,Missouri,12
Orleans,2020-07-19,US,Vermont,9379
Orocovis,2020-07-19,US,Puerto Rico,116
Osage,2020-07-19,US,Oklahoma,246
Osborne,2020-07-19,US,Kansas,3
Osceola,2020-07-19,US,Michigan,6268
Oscoda,2020-07-19,US,Michigan,23
Oswego,2020-07-19,US,New York,229
Otero,2020-07-19,US,New Mexico,106
Otoe,2020-07-19,US,Nebraska,35
Otsego,2020-07-19,US,New York,127
Ottawa,2020-07-19,US,Oklahoma,1478
Otter Tail,2020-07-19,US,Minnesota,130
Ouachita,2020-07-19,US,Louisiana,3643
Ouray,2020-07-19,US,Colorado,12
Out of GA,2020-07-19,US,Georgia,12787
Out of HI,2020-07-19,US,Hawaii,22
Out of ID,2020-04-03,US,Idaho,6
Out of IL,2020-07-19,US,Illinois,205
Out of LA,2020-05-03,US,Louisiana,19
Out of MI,2020-07-19,US,Michigan,166
Out of OK,2020-04-09,US,Oklahoma,2
Out of PR,2020-07-19,US,Puerto Rico,466
Out of TN,2020-07-19,US,Tennessee,2184
Out of UT,2020-04-02,US,Utah,22
Out of WI,2020-04-27,US,Wisconsin,11
Outagamie,2020-07-19,US,Wisconsin,814
Overton,2020-07-19,US,Tennessee,91
Owen,2020-07-19,US,Kentucky,56
Owsley,2020-07-19,US,Kentucky,4
Owyhee,2020-07-19,US,Idaho,147
Oxford,2020-07-19,US,Maine,49
Ozark,2020-07-19,US,Missouri,3
Ozaukee,2020-07-19,US,Wisconsin,385
Pacific,2020-07-19,US,Washington,19
Page,2020-07-19,US,Virginia,317
Palm Beach,2020-07-19,US,Florida,26426
Palo Alto,2020-07-19,US,Iowa,63
Palo Pinto,2020-07-19,US,Texas,84
Pamlico,2020-07-19,US,North Carolina,44
Panola,2020-07-19,US,Texas,576
Park,2020-07-19,US,Wyoming,89
Parke,2020-07-19,US,Indiana,32
Parker,2020-07-19,US,Texas,697
Parmer,2020-07-19,US,Texas,261
Pasco,2020-07-19,US,Florida,5050
Pasquotank,2020-07-19,US,North Carolina,267
Passaic,2020-07-19,US,New Jersey,17172
Patillas,2020-07-19,US,Puerto Rico,70
Patrick,2020-07-19,US,Virginia,57
Paulding,2020-07-19,US,Ohio,1057
Pawnee,2020-07-19,US,Oklahoma,85
Payette,2020-07-19,US,Idaho,244
Payne,2020-07-19,US,Oklahoma,528
Peach,2020-07-19,US,Georgia,201
Pearl River,2020-07-19,US,Mississippi,371
Pecos,2020-07-19,US,Texas,166
Pembina,2020-07-19,US,North Dakota,20
Pemiscot,2020-07-19,US,Missouri,161
Pend Oreille,2020-07-19,US,Washington,25
Pender,2020-07-19,US,North Carolina,484
Pendleton,2020-07-19,US,West Virginia,28
Pennington,2020-07-19,US,South Dakota,725
Penobscot,2020-07-19,US,Maine,134
Penuelas,2020-07-19,US,Puerto Rico,45
Peoria,2020-07-19,US,Illinois,838
Pepin,2020-07-19,US,Wisconsin,22
Perkins,2020-07-19,US,South Dakota,7
Perquimans,2020-07-19,US,North Carolina,45
Perry,2020-07-19,US,Tennessee,335
Pershing,2020-07-19,US,Nevada,13
Person,2020-07-19,US,North Carolina,144
Petersburg,2020-07-19,US,Virginia,370
Pettis,2020-07-19,US,Missouri,199
Phelps,2020-07-19,US,Nebraska,57
Philadelphia,2020-07-19,US,Pennsylvania,28196
Phillips,2020-07-19,US,Kansas,214
Piatt,2020-07-19,US,Illinois,30
Pickaway,2020-07-19,US,Ohio,2275
Pickens,2020-07-19,US,South Carolina,1431
Pickett,2020-07-19,US,Tennessee,10
Pierce,2020-07-19,US,Wisconsin,3834
Pike,2020-07-19,US,Pennsylvania,596
Pima,2020-07-19,US,Arizona,13594
Pinal,2020-07-19,US,Arizona,6654
Pine,2020-07-19,US,Minnesota,117
Pinellas,2020-07-19,US,Florida,13705
Pipestone,2020-07-19,US,Minnesota,113
Piscataquis,2020-07-19,US,Maine,5
Pitkin,2020-07-19,US,Colorado,155
Pitt,2020-07-19,US,North Carolina,1215
Pittsburg,2020-07-19,US,Oklahoma,87
Pittsylvania,2020-07-19,US,Virginia,232
Placer,2020-07-19,US,California,1403
Plaquemines,2020-07-19,US,Louisiana,344
Platte,2020-07-19,US,Wyoming,711
Pleasants,2020-07-19,US,West Virginia,6
Plumas,2020-07-19,US,California,24
Plymouth,2020-07-19,US,Massachusetts,8894
Pocahontas,2020-07-19,US,West Virginia,110
Poinsett,2020-07-19,US,Arkansas,96
Pointe Coupee,2020-07-19,US,Louisiana,520
Polk,2020-07-19,US,Wisconsin,9877
Ponce,2020-07-19,US,Puerto Rico,315
Pondera,2020-07-19,US,Montana,5
Pontotoc,2020-07-19,US,Oklahoma,495
Pope,2020-07-19,US,Minnesota,875
Poquoson,2020-07-19,US,Virginia,27
Portage,2020-07-19,US,Wisconsin,574
Porter,2020-07-19,US,Indiana,921
Portsmouth,2020-07-19,US,Virginia,1009
Posey,2020-07-19,US,Indiana,111
Pottawatomie,2020-07-19,US,Oklahoma,211
Pottawattamie,2020-07-19,US,Iowa,925
Potter,2020-07-19,US,Texas,3159
Powell,2020-07-19,US,Kentucky,30
Power,2020-07-19,US,Idaho,24
Poweshiek,2020-07-19,US,Iowa,115
Powhatan,2020-07-19,US,Virginia,103
Prairie,2020-07-19,US,Arkansas,49
Pratt,2020-07-19,US,Kansas,28
Preble,2020-07-19,US,Ohio,108
Prentiss,2020-07-19,US,Mississippi,192
Presidio,2020-07-19,US,Texas,28
Presque Isle,2020-07-19,US,Michigan,16
Preston,2020-07-19,US,West Virginia,115
Price,2020-07-19,US,Wisconsin,13
Prince Edward,2020-07-19,US,Virginia,241
Prince George,2020-07-19,US,Virginia,291
Prince George's,2020-07-19,US,Maryland,20690
Prince William,2020-07-19,US,Virginia,8190
Prince of Wales-Hyder,2020-07-19,US,Alaska,4
Providence,2020-07-19,US,Rhode Island,13674
Prowers,2020-07-19,US,Colorado,45
Pueblo,2020-07-19,US,Colorado,502
Pulaski,2020-07-19,US,Virginia,3717
Pushmataha,2020-07-19,US,Oklahoma,39
Putnam,2020-07-19,US,West Virginia,1392
Quay,2020-07-19,US,New Mexico,24
Quebradillas,2020-07-19,US,Puerto Rico,52
Queen Anne's,2020-07-19,US,Maryland,331
Quitman,2020-07-19,US,Mississippi,129
Rabun,2020-07-19,US,Georgia,118
Racine,2020-07-19,US,Wisconsin,2624
Radford,2020-07-19,US,Virginia,21
Rains,2020-07-19,US,Texas,25
Raleigh,2020-07-19,US,West Virginia,101
Ralls,2020-07-19,US,Missouri,11
Ramsey,2020-07-19,US,North Dakota,5719
Randall,2020-07-19,US,Texas,1260
Randolph,2020-07-19,US,West Virginia,1747
Rankin,2020-07-19,US,Mississippi,1459
Ransom,2020-07-19,US,North Dakota,23
Rapides,2020-07-19,US,Louisiana,2371
Rappahannock,2020-07-19,US,Virginia,36
Ravalli,2020-07-19,US,Montana,50
Ray,2020-07-19,US,Missouri,37
Reagan,2020-07-19,US,Texas,49
Real,2020-07-19,US,Texas,8
Red Lake,2020-07-19,US,Minnesota,5
Red River,2020-07-19,US,Texas,131
Red Willow,2020-07-19,US,Nebraska,10
Redwood,2020-07-19,US,Minnesota,27
Reeves,2020-07-19,US,Texas,90
Refugio,2020-07-19,US,Texas,89
Reno,2020-07-19,US,Kansas,165
Rensselaer,2020-07-19,US,New York,653
Renville,2020-07-19,US,North Dakota,44
Republic,2020-07-19,US,Kansas,21
Reynolds,2020-07-19,US,Missouri,11
Rhea,2020-07-19,US,Tennessee,401
Rice,2020-07-19,US,Minnesota,915
Richardson,2020-07-19,US,Nebraska,10
Richland,2020-07-19,US,Wisconsin,6216
Richmond,2020-07-19,US,Virginia,2305
Richmond City,2020-07-19,US,Virginia,2588
Riley,2020-07-19,US,Kansas,398
Rincon,2020-07-19,US,Puerto Rico,60
Ringgold,2020-07-19,US,Iowa,17
Rio Arriba,2020-07-19,US,New Mexico,205
Rio Blanco,2020-07-19,US,Colorado,6
Rio Grande,2020-07-19,US,Puerto Rico,168
Ripley,2020-07-19,US,Missouri,157
Ritchie,2020-07-19,US,West Virginia,3
Riverside,2020-07-19,US,California,29983
Roane,2020-07-19,US,West Virginia,125
Roanoke,2020-07-19,US,Virginia,363
Roanoke City,2020-07-19,US,Virginia,659
Roberts,2020-07-19,US,Texas,62
Robertson,2020-07-19,US,Texas,1143
Robeson,2020-07-19,US,North Carolina,1957
Rock,2020-07-19,US,Wisconsin,1171
Rock Island,2020-07-19,US,Illinois,1344
Rockbridge,2020-07-19,US,Virginia,47
Rockcastle,2020-07-19,US,Kentucky,40
Rockdale,2020-07-19,US,Georgia,895
Rockingham,2020-07-19,US,Virginia,1557
Rockland,2020-07-19,US,New York,13798
Rockwall,2020-07-19,US,Texas,537
Roger Mills,2020-07-19,US,Oklahoma,3
Rogers,2020-07-19,US,Oklahoma,439
Rolette,2020-07-19,US,North Dakota,13
Rooks,2020-07-19,US,Kansas,11
Roosevelt,2020-07-19,US,New Mexico,92
Roscommon,2020-07-19,US,Michigan,44
Roseau,2020-07-19,US,Minnesota,32
Rosebud,2020-07-19,US,Montana,16
Ross,2020-07-19,US,Ohio,194
Routt,2020-07-19,US,Colorado,87
Rowan,2020-07-19,US,North Carolina,1712
Runnels,2020-07-19,US,Texas,35
Rush,2020-07-19,US,Kansas,71
Rusk,2020-07-19,US,Wisconsin,292
Russell,2020-07-19,US,Virginia,936
Rutherford,2020-07-19,US,Tennessee,4618
Rutland,2020-07-19,US,Vermont,80
Sabana Grande,2020-07-19,US,Puerto Rico,92
Sabine,2020-07-19,US,Texas,379
Sac,2020-07-19,US,Iowa,75
Sacramento,2020-07-19,US,California,7326
Sagadahoc,2020-07-19,US,Maine,35
Saginaw,2020-07-19,US,Michigan,1584
Saguache,2020-07-19,US,Colorado,106
Salem,2020-07-19,US,Virginia,831
Salinas,2020-07-19,US,Puerto Rico,123
Saline,2020-07-19,US,Nebraska,594
Salt Lake,2020-07-19,US,Utah,16693
Saluda,2020-07-19,US,South Carolina,350
Sampson,2020-07-19,US,North Carolina,1305
San Augustine,2020-07-19,US,Texas,139
San Benito,2020-07-19,US,California,458
San Bernardino,2020-07-19,US,California,24099
San Diego,2020-07-19,US,California,24135
San Francisco,2020-07-19,US,California,5305
San German,2020-07-19,US,Puerto Rico,111
San Jacinto,2020-07-19,US,Texas,130
San Joaquin,2020-07-19,US,California,8321
San Juan,2020-07-19,US,Washington,2842
San Lorenzo,2020-07-19,US,Puerto Rico,93
San Luis Obispo,2020-07-19,US,California,1306
San Mateo,2020-07-19,US,California,4551
San Miguel,2020-07-19,US,New Mexico,67
San Patricio,2020-07-19,US,Texas,402
San Saba,2020-07-19,US,Texas,11
San Sebastian,2020-07-19,US,Puerto Rico,135
Sanborn,2020-07-19,US,South Dakota,13
Sanders,2020-07-19,US,Montana,4
Sandoval,2020-07-19,US,New Mexico,933
Sandusky,2020-07-19,US,Ohio,230
Sangamon,2020-07-19,US,Illinois,671
Sanilac,2020-07-19,US,Michigan,81
Sanpete,2020-07-19,US,Utah,306
Santa Barbara,2020-07-19,US,California,4991
Santa Clara,2020-07-19,US,California,7795
Santa Cruz,2020-07-19,US,California,2340
Santa Fe,2020-07-19,US,New Mexico,433
Santa Isabel,2020-07-19,US,Puerto Rico,71
Santa Rosa,2020-07-19,US,Florida,1976
Sarasota,2020-07-19,US,Florida,4338
Saratoga,2020-07-19,US,New York,639
Sargent,2020-07-19,US,North Dakota,9
Sarpy,2020-07-19,US,Nebraska,1527
Sauk,2020-07-19,US,Wisconsin,230
Saunders,2020-07-19,US,Nebraska,103
Sawyer,2020-07-19,US,Wisconsin,19
Schenectady,2020-07-19,US,New York,915
Schleicher,2020-07-19,US,Texas,84
Schley,2020-07-19,US,Georgia,37
Schoharie,2020-07-19,US,New York,62
Schoolcraft,2020-07-19,US,Michigan,7
Schuyler,2020-07-19,US,New York,20
Schuylkill,2020-07-19,US,Pennsylvania,824
Scioto,2020-07-19,US,Ohio,104
Scotland,2020-07-19,US,North Carolina,194
Scott,2020-07-19,US,Virginia,1318
Scotts Bluff,2020-07-19,US,Nebraska,258
Screven,2020-07-19,US,Georgia,136
Scurry,2020-07-19,US,Texas,367
Searcy,2020-07-19,US,Arkansas,20
Sebastian,2020-07-19,US,Arkansas,1166
Sedgwick,2020-07-19,US,Kansas,2766
Seminole,2020-07-19,US,Oklahoma,5411
Seneca,2020-07-19,US,Ohio,80
Sequatchie,2020-07-19,US,Tennessee,63
Sequoyah,2020-07-19,US,Oklahoma,86
Sevier,2020-07-19,US,Tennessee,1112
Seward,2020-07-19,US,Nebraska,1105
Shackelford,2020-07-19,US,Texas,13
Shannon,2020-07-19,US,Missouri,33
Sharkey,2020-07-19,US,Mississippi,65
Sharp,2020-07-19,US,Arkansas,81
Shasta,2020-07-19,US,California,242
Shawano,2020-07-19,US,Wisconsin,113
Shawnee,2020-07-19,US,Kansas,1191
Sheboygan,2020-07-19,US,Wisconsin,398
Shelby,2020-07-19,US,Texas,16702
Shenandoah,2020-07-19,US,Virginia,650
Sherburne,2020-07-19,US,Minnesota,429
Sheridan,2020-07-19,US,Wyoming,40
Sherman,2020-07-19,US,Texas,34
Shiawassee,2020-07-19,US,Michigan,296
Shoshone,2020-07-19,US,Idaho,28
Sibley,2020-07-19,US,Minnesota,66
Sierra,2020-07-19,US,New Mexico,21
Silver Bow,2020-07-19,US,Montana,30
Simpson,2020-07-19,US,Mississippi,537
Sioux,2020-07-19,US,North Dakota,535
Siskiyou,2020-07-19,US,California,50
Sitka,2020-07-19,US,Alaska,15
Skagit,2020-07-19,US,Washington,707
Skamania,2020-07-19,US,Washington,41
Slope,2020-07-19,US,North Dakota,3
Smith,2020-07-19,US,Texas,1762
Smyth,2020-07-19,US,Virginia,73
Snohomish,2020-07-19,US,Washington,4386
Snyder,2020-07-19,US,Pennsylvania,81
Socorro,2020-07-19,US,New Mexico,67
Solano,2020-07-19,US,California,2759
Somerset,2020-07-19,US,Pennsylvania,5070
Somervell,2020-07-19,US,Texas,35
Sonoma,2020-07-19,US,California,2169
Southampton,2020-07-19,US,Virginia,204
Southeast Fairbanks,2020-07-19,US,Alaska,11
Spalding,2020-07-19,US,Georgia,659
Spartanburg,2020-07-19,US,South Carolina,3117
Spencer,2020-07-19,US,Kentucky,91
Spink,2020-07-19,US,South Dakota,16
Spokane,2020-07-19,US,Washington,2742
Spotsylvania,2020-07-19,US,Virginia,1154
St. Bernard,2020-07-19,US,Louisiana,830
St. Charles,2020-07-19,US,Missouri,1774
St. Clair,2020-07-19,US,Missouri,2767
St. Croix,2020-07-19,US,Wisconsin,333
St. Francis,2020-07-19,US,Arkansas,960
St. Francois,2020-07-19,US,Missouri,191
St. Helena,2020-07-19,US,Louisiana,169
St. James,2020-07-19,US,Louisiana,518
St. John the Baptist,2020-07-19,US,Louisiana,1163
St. Johns,2020-07-19,US,Florida,2541
St. Joseph,2020-07-19,US,Michigan,2524
St. Landry,2020-07-19,US,Louisiana,1527
St. Lawrence,2020-07-19,US,New York,246
St. Louis,2020-07-19,US,Missouri,9114
St. Louis City,2020-07-19,US,Missouri,3447
St. Lucie,2020-07-19,US,Florida,3706
St. Martin,2020-07-19,US,Louisiana,1254
St. Mary,2020-07-19,US,Louisiana,1106
St. Mary's,2020-07-19,US,Maryland,779
St. Tammany,2020-07-19,US,Louisiana,3790
Stafford,2020-07-19,US,Virginia,1128
Stanislaus,2020-07-19,US,California,6508
Stanley,2020-07-19,US,South Dakota,14
Stanly,2020-07-19,US,North Carolina,662
Stanton,2020-07-19,US,Nebraska,23
Stark,2020-07-19,US,Ohio,1379
Starke,2020-07-19,US,Indiana,138
Starr,2020-07-19,US,Texas,1362
Staunton,2020-07-19,US,Virginia,117
Ste. Genevieve,2020-07-19,US,Missouri,30
Stearns,2020-07-19,US,Minnesota,2643
Steele,2020-07-19,US,North Dakota,279
Stephens,2020-07-19,US,Texas,403
Stephenson,2020-07-19,US,Illinois,289
Sterling,2020-07-19,US,Texas,1
Steuben,2020-07-19,US,New York,282
Stevens,2020-07-19,US,Washington,44
Stewart,2020-07-19,US,Tennessee,233
Stillwater,2020-07-19,US,Montana,13
Stoddard,2020-07-19,US,Missouri,171
Stokes,2020-07-19,US,North Carolina,199
Stone,2020-07-19,US,Missouri,104
Stonewall,2020-07-19,US,Texas,4
Storey,2020-07-19,US,Nevada,3
Story,2020-07-19,US,Iowa,947
Strafford,2020-07-19,US,New Hampshire,307
Stutsman,2020-07-19,US,North Dakota,75
Sublette,2020-07-19,US,Wyoming,17
Suffolk,2020-07-19,US,Virginia,42496
Sullivan,2020-07-19,US,Tennessee,1473
Sully,2020-07-19,US,South Dakota,1
Summers,2020-07-19,US,West Virginia,2
Summit,2020-07-19,US,Utah,2638
Sumner,2020-07-19,US,Tennessee,2505
Sumter,2020-07-19,US,South Carolina,1715
Sunflower,2020-07-19,US,Mississippi,656
Surry,2020-07-19,US,Virginia,675
Susquehanna,2020-07-19,US,Pennsylvania,196
Sussex,2020-07-19,US,Virginia,5333
Sutter,2020-07-19,US,California,539
Sutton,2020-07-19,US,Texas,39
Suwannee,2020-07-19,US,Florida,895
Swain,2020-07-19,US,North Carolina,80
Sweet Grass,2020-07-19,US,Montana,2
Sweetwater,2020-07-19,US,Wyoming,181
Swift,2020-07-19,US,Minnesota,46
Swisher,2020-07-19,US,Texas,65
Switzerland,2020-07-19,US,Indiana,36
Talbot,2020-07-19,US,Maryland,257
Taliaferro,2020-07-19,US,Georgia,6
Talladega,2020-07-19,US,Alabama,602
Tallahatchie,2020-07-19,US,Mississippi,293
Tallapoosa,2020-07-19,US,Alabama,707
Tama,2020-07-19,US,Iowa,510
Taney,2020-07-19,US,Missouri,178
Tangipahoa,2020-07-19,US,Louisiana,2447
Taos,2020-07-19,US,New Mexico,71
Tarrant,2020-07-19,US,Texas,22002
Tate,2020-07-19,US,Mississippi,486
Tattnall,2020-07-19,US,Georgia,267
Taylor,2020-07-19,US,Wisconsin,1174
Tazewell,2020-07-19,US,Virginia,226
Tehama,2020-07-19,US,California,151
Telfair,2020-07-19,US,Georgia,216
Teller,2020-07-19,US,Colorado,81
Tensas,2020-07-19,US,Louisiana,43
Terrebonne,2020-07-19,US,Louisiana,2124
Terrell,2020-07-19,US,Texas,260
Terry,2020-07-19,US,Texas,64
Teton,2020-07-19,US,Wyoming,223
Texas,2020-07-19,US,Oklahoma,1007
Thayer,2020-07-19,US,Nebraska,19
Thomas,2020-07-19,US,Nebraska,696
Throckmorton,2020-07-19,US,Texas,2
Thurston,2020-07-19,US,Washington,469
Tift,2020-07-19,US,Georgia,1109
Tillamook,2020-07-19,US,Oregon,23
Tillman,2020-07-19,US,Oklahoma,32
Tioga,2020-07-19,US,Pennsylvania,173
Tippah,2020-07-19,US,Mississippi,193
Tippecanoe,2020-07-19,US,Indiana,886
Tipton,2020-07-19,US,Tennessee,809
Tishomingo,2020-07-19,US,Mississippi,165
Titus,2020-07-19,US,Texas,1087
Toa Alta,2020-07-19,US,Puerto Rico,279
Toa Baja,2020-07-19,US,Puerto Rico,276
Todd,2020-07-19,US,South Dakota,406
Tolland,2020-07-19,US,Connecticut,948
Tom Green,2020-07-19,US,Texas,1560
Tompkins,2020-07-19,US,New York,209
Tooele,2020-07-19,US,Utah,441
Toole,2020-07-19,US,Montana,31
Toombs,2020-07-19,US,Georgia,412
Torrance,2020-07-19,US,New Mexico,51
Towner,2020-07-19,US,North Dakota,4
Towns,2020-07-19,US,Georgia,84
Traill,2020-07-19,US,North Dakota,31
Transylvania,2020-07-19,US,North Carolina,90
Traverse,2020-07-19,US,Minnesota,9
Travis,2020-07-19,US,Texas,17646
Treasure,2020-07-19,US,Montana,2
Trego,2020-07-19,US,Kansas,5
Trempealeau,2020-07-19,US,Wisconsin,228
Treutlen,2020-07-19,US,Georgia,59
Trigg,2020-07-19,US,Kentucky,37
Trimble,2020-07-19,US,Kentucky,25
Trinity,2020-07-19,US,Texas,102
Tripp,2020-07-19,US,South Dakota,19
Troup,2020-07-19,US,Georgia,1874
Trousdale,2020-07-19,US,Tennessee,1543
Trujillo Alto,2020-07-19,US,Puerto Rico,263
Trumbull,2020-07-19,US,Ohio,1171
Tucker,2020-07-19,US,West Virginia,7
Tulare,2020-07-19,US,California,6896
Tulsa,2020-07-19,US,Oklahoma,6316
Tunica,2020-07-19,US,Mississippi,147
Tuolumne,2020-07-19,US,California,101
Turner,2020-07-19,US,South Dakota,214
Tuscaloosa,2020-07-19,US,Alabama,3215
Tuscarawas,2020-07-19,US,Ohio,685
Tuscola,2020-07-19,US,Michigan,251
Twiggs,2020-07-19,US,Georgia,56
Twin Falls,2020-07-19,US,Idaho,946
Tyler,2020-07-19,US,West Virginia,49
Tyrrell,2020-07-19,US,North Carolina,66
Uinta,2020-07-19,US,Wyoming,222
Uintah,2020-07-19,US,Utah,109
Ulster,2020-07-19,US,New York,1901
Umatilla,2020-07-19,US,Oregon,1381
Unassigned,2020-07-19,US,Wisconsin,4866
Unicoi,2020-07-19,US,Tennessee,69
Union,2020-07-19,US,Tennessee,16567
Upshur,2020-07-19,US,West Virginia,130
Upson,2020-07-19,US,Georgia,419
Upton,2020-07-19,US,Texas,13
Utah,2020-07-19,US,Utah,6380
Utuado,2020-07-19,US,Puerto Rico,41
Uvalde,2020-07-19,US,Texas,325
Val Verde,2020-07-19,US,Texas,964
Valdez-Cordova,2020-07-19,US,Alaska,19
Valencia,2020-07-19,US,New Mexico,260
Valley,2020-07-19,US,Nebraska,37
Van Buren,2020-07-19,US,Tennessee,311
Van Wert,2020-07-19,US,Ohio,56
Van Zandt,2020-07-19,US,Texas,244
Vance,2020-07-19,US,North Carolina,637
Vanderburgh,2020-07-19,US,Indiana,1153
Vega Alta,2020-07-19,US,Puerto Rico,124
Vega Baja,2020-07-19,US,Puerto Rico,191
Venango,2020-07-19,US,Pennsylvania,52
Ventura,2020-07-19,US,California,5192
Vermilion,2020-07-19,US,Louisiana,810
Vermillion,2020-07-19,US,Indiana,20
Vernon,2020-07-19,US,Wisconsin,429
Victoria,2020-07-19,US,Texas,2188
Vieques,2020-07-19,US,Puerto Rico,39
Vigo,2020-07-19,US,Indiana,301
Vilas,2020-07-19,US,Wisconsin,21
Villalba,2020-07-19,US,Puerto Rico,64
Vinton,2020-07-19,US,Ohio,25
Virginia Beach,2020-07-19,US,Virginia,2720
Volusia,2020-07-19,US,Florida,5297
Wabash,2020-07-19,US,Indiana,129
Wabasha,2020-07-19,US,Minnesota,56
Wabaunsee,2020-07-19,US,Kansas,40
Wadena,2020-07-19,US,Minnesota,19
Wagoner,2020-07-19,US,Oklahoma,464
Wahkiakum,2020-07-19,US,Washington,5
Wake,2020-07-19,US,North Carolina,8897
Wakulla,2020-07-19,US,Florida,297
Waldo,2020-07-19,US,Maine,60
Walker,2020-07-19,US,Texas,2606
Walla Walla,2020-07-19,US,Washington,297
Waller,2020-07-19,US,Texas,298
Wallowa,2020-07-19,US,Oregon,18
Walsh,2020-07-19,US,North Dakota,79
Walthall,2020-07-19,US,Mississippi,353
Walton,2020-07-19,US,Georgia,822
Walworth,2020-07-19,US,Wisconsin,942
Wapello,2020-07-19,US,Iowa,746
Ward,2020-07-19,US,Texas,110
Ware,2020-07-19,US,Georgia,851
Warren,2020-07-19,US,Virginia,1992
Warrick,2020-07-19,US,Indiana,352
Wasatch,2020-07-19,US,Utah,491
Wasco,2020-07-19,US,Oregon,130
Waseca,2020-07-19,US,Minnesota,92
Washakie,2020-07-19,US,Wyoming,44
Washburn,2020-07-19,US,Wisconsin,7
Washington,2020-07-19,US,Wisconsin,5234
Washita,2020-07-19,US,Oklahoma,13
Washoe,2020-07-19,US,Nevada,4108
Washtenaw,2020-07-19,US,Michigan,2143
Watauga,2020-07-19,US,North Carolina,180
Watonwan,2020-07-19,US,Minnesota,279
Waukesha,2020-07-19,US,Wisconsin,2221
Waupaca,2020-07-19,US,Wisconsin,224
Waushara,2020-07-19,US,Wisconsin,52
Wayne,2020-07-19,US,West Virginia,25227
Waynesboro,2020-07-19,US,Virginia,142
Weakley,2020-07-19,US,Tennessee,101
Webb,2020-07-19,US,Texas,3950
Weber,2020-07-19,US,Utah,2071
Webster,2020-07-19,US,West Virginia,674
Weld,2020-07-19,US,Colorado,3244
Wells,2020-07-19,US,North Dakota,94
West Baton Rouge,2020-07-19,US,Louisiana,479
West Carroll,2020-07-19,US,Louisiana,205
West Feliciana,2020-07-19,US,Louisiana,289
Westchester,2020-07-19,US,New York,35551
Westmoreland,2020-07-19,US,Virginia,1174
Weston,2020-07-19,US,Wyoming,4
Wetzel,2020-07-19,US,West Virginia,42
Wexford,2020-07-19,US,Michigan,55
Wharton,2020-07-19,US,Texas,420
Whatcom,2020-07-19,US,Washington,788
Wheatland,2020-07-19,US,Montana,2
Wheeler,2020-07-19,US,Texas,77
White,2020-07-19,US,Tennessee,302
White Pine,2020-07-19,US,Nevada,11
Whiteside,2020-07-19,US,Illinois,234
Whitfield,2020-07-19,US,Georgia,2298
Whitley,2020-07-19,US,Kentucky,116
Whitman,2020-07-19,US,Washington,56
Wibaux,2020-07-19,US,Montana,1
Wichita,2020-07-19,US,Texas,751
Wicomico,2020-07-19,US,Maryland,1189
Wilbarger,2020-07-19,US,Texas,23
Wilcox,2020-07-19,US,Georgia,351
Wilkes,2020-07-19,US,North Carolina,663
Wilkin,2020-07-19,US,Minnesota,23
Wilkinson,2020-07-19,US,Mississippi,134
Will,2020-07-19,US,Illinois,7687
Willacy,2020-07-19,US,Texas,474
Williams,2020-07-19,US,Ohio,157
Williamsburg,2020-07-19,US,Virginia,650
Williamson,2020-07-19,US,Texas,4888
Wilson,2020-07-19,US,Texas,1628
Winchester,2020-07-19,US,Virginia,377
Windham,2020-07-19,US,Vermont,652
Windsor,2020-07-19,US,Vermont,67
Winkler,2020-07-19,US,Texas,55
Winn,2020-07-19,US,Louisiana,327
Winnebago,2020-07-19,US,Wisconsin,3362
Winneshiek,2020-07-19,US,Iowa,58
Winona,2020-07-19,US,Minnesota,186
Winston,2020-07-19,US,Mississippi,350
Wirt,2020-07-19,US,West Virginia,6
Wise,2020-07-19,US,Virginia,220
Wolfe,2020-07-19,US,Kentucky,6
Wood,2020-07-19,US,Wisconsin,616
Woodbury,2020-07-19,US,Iowa,3482
Woodford,2020-07-19,US,Kentucky,98
Woodruff,2020-07-19,US,Arkansas,18
Woods,2020-07-19,US,Oklahoma,12
Woodson,2020-07-19,US,Kansas,12
Woodward,2020-07-19,US,Oklahoma,18
Worcester,2020-07-19,US,Massachusetts,12859
Worth,2020-07-19,US,Missouri,374
Wrangell,2020-07-19,US,Alaska,3
Wright,2020-07-19,US,Missouri,623
Wyandot,2020-07-19,US,Ohio,72
Wyandotte,2020-07-19,US,Kansas,3701
Wyoming,2020-07-19,US,West Virginia,104
Wythe,2020-07-19,US,Virginia,72
Yabucoa,2020-07-19,US,Puerto Rico,60
Yadkin,2020-07-19,US,North Carolina,407
Yakima,2020-07-19,US,Washington,9185
Yalobusha,2020-07-19,US,Mississippi,237
Yamhill,2020-07-19,US,Oregon,241
Yancey,2020-07-19,US,North Carolina,87
Yankton,2020-07-19,US,South Dakota,91
Yates,2020-07-19,US,New York,51
Yauco,2020-07-19,US,Puerto Rico,145
Yavapai,2020-07-19,US,Arizona,1394
Yazoo,2020-07-19,US,Mississippi,619
Yell,2020-07-19,US,Arkansas,916
Yellow Medicine,2020-07-19,US,Minnesota,35
Yellowstone,2020-07-19,US,Montana,717
Yoakum,2020-07-19,US,Texas,56
Yolo,2020-07-19,US,California,1196
York,2020-07-19,US,Virginia,2438
Young,2020-07-19,US,Texas,71
Yuba,2020-07-19,US,California,289
Yukon-Koyukuk,2020-07-19,US,Alaska,29
Yuma,2020-07-19,US,Colorado,9374
Zapata,2020-07-19,US,Texas,113
Zavala,2020-07-19,US,Texas,95
Ziebach,2020-07-19,US,South Dakota,3
